datum,ad_id,titel,preis,median,ersparnis,url,watchlist_id
2026-08-05,3476671905,"BMW 320i E30 Cabrio M-Paket, H-Zulassung, Rostfrei",7200.0,14310.0,7110.0,https://www.kleinanzeigen.de/s-anzeige/bmw-320i-e30-cabrio-m-paket-h-zulassung-rostfrei/3476671905-216-1383,
2026-08-05,3475862357,300 SL R129 Mercedes,8349.0,13612.05,5263.05,https://www.kleinanzeigen.de/s-anzeige/300-sl-r129-mercedes/3475862357-216-9366,
2026-08-05,3476454355,Mercedes-Benz W124 E200 LPG-Gasanlage*Oldtimer*selten,2500.0,5130.0,2630.0,https://www.kleinanzeigen.de/s-anzeige/mercedes-benz-w124-e200-lpg-gasanlage-oldtimer-selten/3476454355-216-18699,
2026-08-05,3476468044,Apple MacBook Pro 16” (2019) – i7 | 32 GB RAM | 512 GB SSD,385.0,774.5,389.5,https://www.kleinanzeigen.de/s-anzeige/apple-macbook-pro-16-2019-i7-32-gb-ram-512-gb-ssd/3476468044-278-5792,
2026-08-05,3476665944,Thorens TD 160 Plattenspieler,200.0,335.0,135.0,https://www.kleinanzeigen.de/s-anzeige/thorens-td-160-plattenspieler/3476665944-172-21360,
2026-08-05,3431889887,Neumann U87Ai neuwertig mit original Rechnung,2050.0,,,https://www.kleinanzeigen.de/s-anzeige/neumann-u87ai-neuwertig-mit-original-rechnung/3431889887-74-5709,
2026-08-05,3471486713,Leitz Biomed Mikroskop,200.0,,,https://www.kleinanzeigen.de/s-anzeige/leitz-biomed-mikroskop/3471486713-245-1264,
2026-08-05,3469441405,Thorens TD 160 Plattenspieler - Originalzustand,165.0,320.0,155.0,https://www.kleinanzeigen.de/s-anzeige/thorens-td-160-plattenspieler-originalzustand/3469441405-172-1583,
2026-08-05,3476798448,DJI Mavic 3 Cine Premium Combo,1100.0,1750.0,650.0,https://www.kleinanzeigen.de/s-anzeige/dji-mavic-3-cine-premium-combo/3476798448-245-9495,optik-drohnen
2026-08-05,3477232373,"Mercedes Benz 300 SE, W126, Oldtimer",6500.0,11250.0,4750.0,https://www.kleinanzeigen.de/s-anzeige/mercedes-benz-300-se-w126-oldtimer/3477232373-216-9389,youngtimer-alltag
2026-08-05,3477182939,Sideboard (USM Haller-System),480.0,1652.0,1172.0,https://www.kleinanzeigen.de/s-anzeige/sideboard-usm-haller-system-/3477182939-88-4683,design-sammeln
2026-08-05,3477252817,Apple Macbook Pro M5 1TB,1400.0,2195.0,795.0,https://www.kleinanzeigen.de/s-anzeige/apple-macbook-pro-m5-1tb/3477252817-278-9369,macbook
2026-08-05,3477248587,Koga Miyata Vintage Rennrad Full Pro Dura Ace,360.0,899.0,539.0,https://www.kleinanzeigen.de/s-anzeige/koga-miyata-vintage-rennrad-full-pro-dura-ace/3477248587-217-9467,ebike-rad
2026-08-06,3477440587,Riese & Müller Load 75 touring E- Lastenrad,2500.0,6124.5,3624.5,https://www.kleinanzeigen.de/s-anzeige/riese-mueller-load-75-touring-e-lastenrad/3477440587-217-4889,ebike-rad
2026-08-06,3477225076,Breitling Navitimer B01 Chronograph 43. Neuzustand!,4555.0,6645.0,2090.0,https://www.kleinanzeigen.de/s-anzeige/breitling-navitimer-b01-chronograph-43-neuzustand-/3477225076-157-1676,uhren
2026-08-06,3477374193,USM Haller Sideboard / Regal - Anthrazit,490.0,1652.0,1162.0,https://www.kleinanzeigen.de/s-anzeige/usm-haller-sideboard-regal-anthrazit/3477374193-93-8325,design-sammeln
2026-08-06,3477318922,Tudor Black Bay Chrono  Steel Full Set,2599.0,3750.0,1151.0,https://www.kleinanzeigen.de/s-anzeige/tudor-black-bay-chrono-steel-full-set/3477318922-157-3353,uhren
2026-08-06,3477080971,DJI Mini 5 Pro Fly More Combo,585.0,905.0,320.0,https://www.kleinanzeigen.de/s-anzeige/dji-mini-5-pro-fly-more-combo/3477080971-245-115,optik-drohnen
2026-08-06,3477815339,USM Haller Rollcontainer mit 4 Schubladen in weiß,250.0,900.0,650.0,https://www.kleinanzeigen.de/s-anzeige/usm-haller-rollcontainer-mit-4-schubladen-in-weiss/3477815339-93-8995,design-sammeln
2026-08-06,3477881358,Leica M2 Kamera,1100.0,1650.0,550.0,https://www.kleinanzeigen.de/s-anzeige/leica-m2-kamera/3477881358-245-2622,kameras-leica
2026-08-10,3480293956,Ducati Monster S4R - 996,2950.0,4590.0,1640.0,https://www.kleinanzeigen.de/s-anzeige/ducati-monster-s4r-996/3480293956-305-1646,motorraeder
2026-08-10,3480491974,DJI mini 5 Pro Fly More Combo (DJI RC2) wie Neu mit Garantie,470.0,1024.5,554.5,https://www.kleinanzeigen.de/s-anzeige/dji-mini-5-pro-fly-more-combo-dji-rc2-wie-neu-mit-garantie/3480491974-298-7474,optik-drohnen
2026-08-10,3480923628,Vitra Grand Repos inkl. Ottoman,2100.0,3775.0,1675.0,https://www.kleinanzeigen.de/s-anzeige/vitra-grand-repos-inkl-ottoman/3480923628-88-5538,design-sammeln
2026-08-10,3480492715,USM Haller Highboard M offen in Graphitschwarz,500.0,1599.0,1099.0,https://www.kleinanzeigen.de/s-anzeige/usm-haller-highboard-m-offen-in-graphitschwarz/3480492715-88-4260,design-sammeln
2026-08-10,3480477255,"USM Haller Rollcontainer weiß mit 3 Schubladen, NUR BIS DIENSTAG",350.0,740.0,390.0,https://www.kleinanzeigen.de/s-anzeige/usm-haller-rollcontainer-weiss-mit-3-schubladen-nur-bis-dienstag/3480477255-93-1176,design-sammeln
2026-08-11,3481019438,Pegasus PREMIO EVO 10 Lite E-Bike Trekkingrad Tourenrad CityBike,1000.0,1999.0,999.0,https://www.kleinanzeigen.de/s-anzeige/pegasus-premio-evo-10-lite-e-bike-trekkingrad-tourenrad-citybike/3481019438-217-2236,ebike-rad
2026-08-11,3481015886,Union Glashütte Viro - Top Zustand - Full Box,650.0,,,https://www.kleinanzeigen.de/s-anzeige/union-glashuette-viro-top-zustand-full-box/3481015886-157-4501,uhren
2026-08-11,3481756544,Specialized Vado 4.0 turbo Grüße L,1199.0,2799.0,1600.0,https://www.kleinanzeigen.de/s-anzeige/specialized-vado-4-0-turbo-gruesse-l/3481756544-217-6020,ebike-rad
2026-08-11,3481722858,Riese und Müller Supercharger 2 GT Touring,2250.0,3295.0,1045.0,https://www.kleinanzeigen.de/s-anzeige/riese-und-mueller-supercharger-2-gt-touring/3481722858-217-6893,ebike-rad
2026-08-12,3481856400,DJI Mini 5 Pro Drohne fly more combo mit DJI Care Refresh,580.0,945.0,365.0,https://www.kleinanzeigen.de/s-anzeige/dji-mini-5-pro-drohne-fly-more-combo-mit-dji-care-refresh/3481856400-245-6799,optik-drohnen
2026-08-12,3482131455,Valve Steam Deck OLED 512 GB SSD mit Zubehörpaket,360.0,624.5,264.5,https://www.kleinanzeigen.de/s-anzeige/valve-steam-deck-oled-512-gb-ssd-mit-zubehoerpaket/3482131455-279-265,konsolen-sweep
2026-08-12,3482887139,"Apple MacBook Pro 14""  M3 Pro, 18GB RAM, 512GB SSD",850.0,1349.5,499.5,https://www.kleinanzeigen.de/s-anzeige/apple-macbook-pro-14-m3-pro-18gb-ram-512gb-ssd/3482887139-278-2148,macbook
2026-08-12,3482921474,iPhone 15 Pro Max Silber,300.0,629.0,329.0,https://www.kleinanzeigen.de/s-anzeige/iphone-15-pro-max-silber/3482921474-173-4258,apple-mobil
2026-08-12,3482504368,Dji mini 4 Pro Fly more combo,395.0,700.0,305.0,https://www.kleinanzeigen.de/s-anzeige/dji-mini-4-pro-fly-more-combo/3482504368-245-4833,optik-drohnen
2026-08-13,3483310382,Canyon Endurace CF 8.0 stealth-red Gr. M,650.0,1800.0,1150.0,https://www.kleinanzeigen.de/s-anzeige/canyon-endurace-cf-8-0-stealth-red-gr-m/3483310382-217-7947,ebike-rad
2026-08-13,3483193389,"Zenith El Primero Rainbow Stahl / Gold Chronograph, Kaliber 400",2400.0,3500.0,1100.0,https://www.kleinanzeigen.de/s-anzeige/zenith-el-primero-rainbow-stahl-gold-chronograph-kaliber-400/3483193389-157-1128,uhren
2026-08-13,3483160041,DJI Mini 5 PRO Drohne,520.0,900.0,380.0,https://www.kleinanzeigen.de/s-anzeige/dji-mini-5-pro-drohne/3483160041-245-9105,optik-drohnen
2026-08-13,3483301411,Technics sl 1210 mk2,430.0,800.0,370.0,https://www.kleinanzeigen.de/s-anzeige/technics-sl-1210-mk2/3483301411-74-4300,vintage-hifi
2026-08-13,3483065910,Steam Deck OLED 1TB Special Edition Translucent Black,470.0,700.0,230.0,https://www.kleinanzeigen.de/s-anzeige/steam-deck-oled-1tb-special-edition-translucent-black/3483065910-279-8453,konsolen-sweep
2026-08-13,3450634725,E30 Cabrio 320i H-Kennzeichen,10000.0,14535.0,4535.0,https://www.kleinanzeigen.de/s-anzeige/e30-cabrio-320i-h-kennzeichen/3450634725-216-415,youngtimer-alltag
2026-08-14,3483766118,OMEGA Speedmaster Professional Mark II,1555.0,2175.0,620.0,https://www.kleinanzeigen.de/s-anzeige/omega-speedmaster-professional-mark-ii/3483766118-157-1144,uhren
2026-08-14,3483811057,DJI Mini 5 Pro Drohne fly more combo mit DJI Care Refresh,499.0,850.0,351.0,https://www.kleinanzeigen.de/s-anzeige/dji-mini-5-pro-drohne-fly-more-combo-mit-dji-care-refresh/3483811057-245-7689,optik-drohnen
2026-08-14,3484052440,Vitra Eames EA208 Soft Pad Chair,700.0,1349.0,649.0,https://www.kleinanzeigen.de/s-anzeige/vitra-eames-ea208-soft-pad-chair/3484052440-93-9343,design-sammeln
2026-08-14,3484398644,Vitra Aluminium Chair EA 117,400.0,750.0,350.0,https://www.kleinanzeigen.de/s-anzeige/vitra-aluminium-chair-ea-117/3484398644-93-201,design-sammeln
2026-08-14,3484391074,DJI Mini 4 Pro Fly More Combo mit DJI RC 2 Drohne,330.0,650.0,320.0,https://www.kleinanzeigen.de/s-anzeige/dji-mini-4-pro-fly-more-combo-mit-dji-rc-2-drohne/3484391074-298-8307,optik-drohnen
2026-08-14,3484203075,2025 Apple MacBook Air Sky Blue 13-inch M4 Chip 16GB 256GB,600.0,900.0,300.0,https://www.kleinanzeigen.de/s-anzeige/2025-apple-macbook-air-sky-blue-13-inch-m4-chip-16gb-256gb/3484203075-278-7111,macbook
2026-08-15,3484736313,Dachklimaanlage Truma Aventa Compact,600.0,1250.0,650.0,https://www.kleinanzeigen.de/s-anzeige/dachklimaanlage-truma-aventa-compact/3484736313-230-8346,camper-marine
2026-08-15,3484100930,"Apple MacBook Air 15,3 Zoll 256GB SSD, Apple M2, 8GB RAM",415.0,878.0,463.0,https://www.kleinanzeigen.de/s-anzeige/apple-macbook-air-15-3-zoll-256gb-ssd-apple-m2-8gb-ram/3484100930-278-634,macbook
2026-08-15,3484207956,Vitra Aluminium Chair EA 107 – Konferenzstuhl - rot/grau - Eames,290.0,649.5,359.5,https://www.kleinanzeigen.de/s-anzeige/vitra-aluminium-chair-ea-107-konferenzstuhl-rot-grau-eames/3484207956-93-1320,design-sammeln
2026-08-15,3484627920,"DJI Mini 5 Pro Fly More Combo – RC 2, DJI Care Refresh ",650.0,950.0,300.0,https://www.kleinanzeigen.de/s-anzeige/dji-mini-5-pro-fly-more-combo-rc-2-dji-care-refresh-/3484627920-168-25691,optik-drohnen
2026-08-15,3484236641,VITRA Eames Alu Chair EA 108 graues Mesh,420.0,650.0,230.0,https://www.kleinanzeigen.de/s-anzeige/vitra-eames-alu-chair-ea-108-graues-mesh/3484236641-88-922,design-sammeln
2026-08-15,3485117939,Rennrad BMC timemachine 01 ROAD THREE,1900.0,4100.0,2200.0,https://www.kleinanzeigen.de/s-anzeige/rennrad-bmc-timemachine-01-road-three/3485117939-230-2790,modellbau-sammler
2026-08-16,3485561800,E-Bike Specialized Vado Turbo 4.0,950.0,2790.0,1840.0,https://www.kleinanzeigen.de/s-anzeige/e-bike-specialized-vado-turbo-4-0/3485561800-217-4136,ebike-rad
2026-08-16,3485341484,DJI Mavic 3 Classic Drohne mit Fernsteuerung,700.0,1000.0,300.0,https://www.kleinanzeigen.de/s-anzeige/dji-mavic-3-classic-drohne-mit-fernsteuerung/3485341484-245-7585,optik-drohnen
